{
    "1671640852722296:131": {
        "IResourceController": {
            "name": "Project Resources Root",
            "type": 0,
            "subtype": -1,
            "dependency": 0,
            "hidden": false,
            "resources": [
                "1678238206265729:255643",
                "1678238720334666:404618",
                "1678238729377714:405934",
                "1678238736784958:407028",
                "1678238813957716:414365"
            ]
        }
    }
}
