{
    "1678238813957716:414365": {
        "IResourceController": {
            "name": "Controller",
            "type": 0,
            "subtype": -1,
            "dependency": 0,
            "hidden": false,
            "publicId": "1678238813957914:414366",
            "resources": [
                "1678238811404282:413894"
            ]
        }
    },
    "1678238813957914:414366": {
        "IResourceController": {
            "public": {
                "path": "Controller"
            }
        }
    }
}
