{
    "1678237264877463:67462": {
        "IFileManager": {
            "path": "Files/File_1678237264877463_67462"
        }
    },
    "1678237264878565:67463": {
        "IResourceController": {
            "name": "Tracers Mask Material",
            "type": 2,
            "subtype": 1,
            "dependency": 0,
            "hidden": false,
            "uid": "1678237264878570:67464",
            "fileId": "1678237264877463:67462",
            "originalId": "1678237264902998:67468",
            "publicId": "1678237265123810:67510",
            "expected_hash": "6e81fa1249b2c6135692d2d3f91941ad"
        },
        "IResourceManager": {
            "uid": "1678237264878570:67464",
            "name": "Files/File_1678237264877463_67462",
            "flags": 1
        }
    },
    "1678237264902998:67468": {
        "IFileManager": {
            "path": "Files/File_1678237264902998_67468.lsmat"
        }
    },
    "1678237265123810:67510": {
        "IResourceController": {
            "public": {
                "path": "Materials/Tracers Mask Material.lsmat",
                "hash": "d0af6c7e20b1b2f9e0621ce7760b7f9c"
            }
        }
    }
}
