{
    "1678238206265729:255643": {
        "IResourceController": {
            "name": "Textures",
            "type": 0,
            "subtype": -1,
            "dependency": 0,
            "hidden": false,
            "publicId": "1678238206265891:255644",
            "resources": [
                "1678238206246677:255629",
                "1678238206279026:255647",
                "1671640852722294:130",
                "1678238670731542:398290",
                "1671640852722109:118",
                "1678239617546578:485285"
            ]
        }
    },
    "1678238206265891:255644": {
        "IResourceController": {
            "public": {
                "path": "Textures"
            }
        }
    }
}
