{
    "1678237881866739:176456": {
        "IFileManager": {
            "path": "Files/File_1678237881866739_176456"
        }
    },
    "1678237881867824:176457": {
        "IResourceController": {
            "name": "Black",
            "type": 2,
            "subtype": 1,
            "dependency": 0,
            "hidden": false,
            "uid": "1678237881867828:176458",
            "fileId": "1678237881866739:176456",
            "originalId": "1678237881900283:176464",
            "publicId": "1678237881990791:176471",
            "expected_hash": "a5a0cfedc121c02cf55207e84eb41c7f"
        },
        "IResourceManager": {
            "uid": "1678237881867828:176458",
            "name": "Files/File_1678237881866739_176456",
            "flags": 1
        }
    },
    "1678237881900283:176464": {
        "IFileManager": {
            "path": "Files/File_1678237881900283_176464.lsmat"
        }
    },
    "1678237881990791:176471": {
        "IResourceController": {
            "public": {
                "path": "Materials/Black.lsmat",
                "hash": "93f41958db127a58d179e28dbe21e2f8"
            }
        }
    }
}
