{
    "1678238206277587:255646": {
        "IFileManager": {
            "path": "Files/File_1678238206277587_255646.png"
        }
    },
    "1678238206279026:255647": {
        "IResourceController": {
            "name": "Base",
            "type": 1,
            "subtype": 9,
            "dependency": 0,
            "hidden": false,
            "uid": "1678238206279428:255648",
            "fileId": "1678238206277587:255646",
            "originalId": "1678238206279672:255653",
            "publicId": "1678238206286764:255659",
            "expected_hash": "cb607d7b25a160872c49fb4d2635cc33",
            "additional": {
                "originHash": "cb607d7b25a160872c49fb4d2635cc33"
            }
        },
        "IResourceManager": {
            "uid": "1678238206279428:255648",
            "name": "Files/File_1678238206277587_255646.jpg",
            "flags": 1
        }
    },
    "1678238206279672:255653": {
        "IFileManager": {
            "path": "Files/File_1678238206279672_255653.png"
        }
    },
    "1678238206286764:255659": {
        "IResourceController": {
            "public": {
                "path": "Textures/Base.png",
                "hash": "cb607d7b25a160872c49fb4d2635cc33"
            }
        }
    }
}
