{
    "1678238670731542:398290": {
        "IResourceController": {
            "name": "Render Targets",
            "type": 0,
            "subtype": -1,
            "dependency": 0,
            "hidden": false,
            "publicId": "1678238670731697:398291",
            "resources": [
                "1671640852722106:117",
                "1678237052932856:33271",
                "1678237058007893:34046",
                "1678238036637569:199134"
            ]
        }
    },
    "1678238670731697:398291": {
        "IResourceController": {
            "public": {
                "path": "Textures/Render Targets"
            }
        }
    }
}
