{
    "1678236816492156:6785": {
        "IFileManager": {
            "path": "Files/File_1678236816492156_6785.mesh"
        }
    },
    "1678236816493676:6786": {
        "IResourceController": {
            "name": "Box",
            "type": 3,
            "subtype": 0,
            "dependency": 0,
            "hidden": false,
            "uid": "1678236816511858:6790",
            "fileId": "1678236816492156:6785",
            "publicId": "1678236816518620:6802",
            "expected_hash": "621da74e06cc402b895f39376927a9d1",
            "additional": {
                "info": {
                    "hasBlendShapes": "false",
                    "vertexAttribs": [
                        {
                            "canBeDisabled": "false",
                            "format": "9",
                            "semantic": "position"
                        },
                        {
                            "canBeDisabled": "true",
                            "format": "9",
                            "semantic": "normal"
                        },
                        {
                            "canBeDisabled": "true",
                            "format": "9",
                            "semantic": "tangent"
                        },
                        {
                            "canBeDisabled": "true",
                            "format": "3",
                            "semantic": "color"
                        },
                        {
                            "canBeDisabled": "true",
                            "format": "9",
                            "semantic": "texture0"
                        }
                    ]
                }
            }
        },
        "IResourceManager": {
            "uid": "1678236816511858:6790",
            "name": "Files/File_1678236816492156_6785.mesh",
            "flags": 1
        }
    },
    "1678236816511858:6790": {
        "Compression::IController": {
            "compressed_files": "",
            "infos": {
                "compressedRAM": "1320",
                "compressedSize": "794",
                "extension": "mesh",
                "originalRAM": "1320",
                "originalSize": "794",
                "settings": {
                    "attributeFormat": "",
                    "draco": {
                        "colorBits": "8",
                        "compressLvl": "7",
                        "normalBits": "8",
                        "posBits": "11",
                        "texBits": "10"
                    },
                    "info": {
                        "hasBlendShapes": "false",
                        "vertexAttribs": [
                            {
                                "canBeDisabled": "false",
                                "format": "9",
                                "semantic": "position"
                            },
                            {
                                "canBeDisabled": "true",
                                "format": "9",
                                "semantic": "normal"
                            },
                            {
                                "canBeDisabled": "true",
                                "format": "9",
                                "semantic": "tangent"
                            },
                            {
                                "canBeDisabled": "true",
                                "format": "3",
                                "semantic": "color"
                            },
                            {
                                "canBeDisabled": "true",
                                "format": "9",
                                "semantic": "texture0"
                            }
                        ]
                    },
                    "isCompressed": "false",
                    "type": "0"
                }
            },
            "uncompressed_file": "1678236816516000:6801"
        }
    },
    "1678236816516000:6801": {
        "IFileManager": {
            "path": "Files/File_1678236816516000_6801.mesh"
        }
    },
    "1678236816518620:6802": {
        "IResourceController": {
            "public": {
                "path": "Meshes/Box.mesh",
                "hash": "621da74e06cc402b895f39376927a9d1"
            }
        }
    }
}
