{
    "1678238811393890:413891": {
        "IFileManager": {
            "path": "Files/File_1678238811393890_413891.js"
        }
    },
    "1678238811404282:413894": {
        "IResourceController": {
            "name": "Controller",
            "type": 4,
            "subtype": 0,
            "dependency": 0,
            "hidden": false,
            "uid": "1678238811404299:413895",
            "fileId": "1678238811393890:413891",
            "publicId": "1678238811409200:413900",
            "expected_hash": "168eda2c98b6b5e69ff0100079ce62f0"
        },
        "IResourceManager": {
            "uid": "1678238811404299:413895",
            "name": "Files/File_1678238811393890_413891.js",
            "flags": 1
        }
    },
    "1678238811409200:413900": {
        "IResourceController": {
            "public": {
                "path": "Controller/Controller.js",
                "hash": "168eda2c98b6b5e69ff0100079ce62f0"
            }
        }
    }
}
