{
    "1678238720334666:404618": {
        "IResourceController": {
            "name": "Materials",
            "type": 0,
            "subtype": -1,
            "dependency": 0,
            "hidden": false,
            "publicId": "1678238720334815:404619",
            "resources": [
                "1678236998965040:28195",
                "1678237264878565:67463",
                "1678237881867824:176457",
                "1678238098540107:208689",
                "1678238206136098:255578",
                "1678239968051783:526761"
            ]
        }
    },
    "1678238720334815:404619": {
        "IResourceController": {
            "public": {
                "path": "Materials"
            }
        }
    }
}
