{
    "1678237237820872:63386": {
        "RenderOrderComponent": true
    },
    "1678237237821143:63388": {
        "InspectorComponent": {
            "Component.ScreenTransform": {
                "basicModeSetup": {
                    "attachBottom": "false",
                    "attachLeft": "false",
                    "attachRight": "false",
                    "attachTop": "false",
                    "fixHeight": "false",
                    "fixWidth": "false"
                },
                "isBasicMode": "false"
            }
        }
    }
}
